acc,d2o,length,n_go_exp,cluster,n_dis_regions,total_dis_len
A0A090N8E9,0,751,0,312,1.0,17.0
A0A0C4DGY3,0,505,0,559,1.0,103.0
A0A1B0GTR3,0,108,0,1132,1.0,108.0
A0A5F9ZHA1,0,1849,0,4,6.0,147.0
A4D126,0,451,8,640,1.0,16.0
A5YKK6,0,2376,75,23,2.0,296.0
A6ND01,0,250,9,917,2.0,24.0
A6NF83,0,97,6,1148,3.0,291.0
A6NI73,0,299,19,856,2.0,22.0
A8K2U0,0,1454,4,74,2.0,66.0
A8MTZ0,0,92,11,1151,2.0,37.0
O00189,0,453,27,637,3.0,57.0
O00204,0,365,45,775,3.0,36.0
O00214,0,317,38,829,1.0,22.0
O00268,0,1085,31,146,3.0,1293.0
O00273,1,331,20,816,2.0,200.0
O00299,0,241,42,915,2.0,32.0
O00308,0,870,125,233,1.0,41.0
O00410,0,1097,24,143,2.0,35.0
O00411,0,1230,28,116,8.0,431.0
O00418,0,725,5,335,1.0,36.0
O00429,0,736,124,326,3.0,129.0
O00488,0,134,9,1092,3.0,116.0
O00499,1,593,68,451,3.0,107.0
O00522,0,736,32,327,1.0,11.0
O00548,0,723,38,339,1.0,109.0
O00571,0,662,178,338,1.0,167.0
O00584,0,256,13,912,1.0,20.0
O00585,0,134,50,1093,1.0,41.0
O14497,0,2285,36,25,2.0,1504.0
O14519,0,115,27,1119,1.0,60.0
O14558,1,160,10,1045,4.0,155.0
O14672,1,748,122,314,2.0,104.0
O14678,0,606,29,436,2.0,38.0
O14686,0,5537,24,1,1.0,71.0
O14713,0,200,60,1005,2.0,22.0
O14727,0,1248,23,112,3.0,308.0
O14733,0,419,27,691,1.0,71.0
O14745,1,358,131,787,4.0,468.0
O14746,0,1132,123,132,2.0,168.0
O14775,0,395,20,735,1.0,56.0
O14776,1,1098,14,142,1.0,11.0
O14810,0,134,2,1094,1.0,10.0
O14832,0,338,43,808,3.0,39.0
O14907,0,124,52,1110,2.0,22.0
O14936,0,926,87,201,5.0,194.0
O14958,1,399,22,731,1.0,29.0
O14965,0,403,93,726,4.0,58.0
O14974,0,1030,30,168,1.0,40.0
O14977,0,448,9,625,2.0,33.0
O15054,0,1643,6,56,4.0,115.0
O15118,0,1278,46,104,9.0,235.0
O15151,0,490,82,587,3.0,360.0
O15169,0,862,184,239,4.0,824.0
O15234,0,703,65,350,8.0,841.0
O15247,0,247,10,915,1.0,14.0
O15273,0,167,90,1054,2.0,154.0
O15294,0,1046,115,160,3.0,107.0
O15344,0,667,74,379,1.0,30.0
O15350,0,636,85,408,1.0,16.0
O15391,0,372,7,707,4.0,1131.0
O15392,0,142,145,1082,2.0,109.0
O15431,1,190,36,1026,1.0,52.0
O15550,0,1401,15,85,2.0,57.0
O43172,1,522,30,530,5.0,569.0
O43236,0,996,31,174,5.0,411.0
O43312,0,755,6,308,1.0,15.0
O43313,0,823,4,266,1.0,462.0
O43318,0,606,116,437,2.0,28.0
O43353,0,540,83,509,3.0,62.0
O43464,0,458,153,601,4.0,56.0
O43474,0,513,50,546,1.0,130.0
O43516,1,503,46,564,5.0,458.0
O43521,1,198,99,1010,7.0,352.0
O43561,0,262,102,905,1.0,204.0
O43663,0,620,34,422,2.0,190.0
O43665,0,181,11,1035,3.0,52.0
O43715,0,76,26,1157,1.0,23.0
O43747,0,822,32,267,1.0,23.0
O43776,0,548,13,502,1.0,13.0
O43791,0,374,56,767,2.0,28.0
O43806,1,158,0,1013,6.0,531.0
O60232,0,199,26,1006,2.0,46.0
O60239,0,455,11,635,1.0,187.0
O60260,0,465,441,620,3.0,75.0
O60356,0,82,35,1148,6.0,492.0
O60486,0,1568,4,61,1.0,18.0
O60493,0,162,40,1061,2.0,44.0
O60502,0,916,17,205,7.0,226.0
O60508,0,579,26,468,1.0,82.0
O60566,0,1050,78,156,1.0,23.0
O60568,1,738,60,324,2.0,29.0
O60701,0,494,16,580,1.0,30.0
O60706,0,1549,9,59,3.0,156.0
O60741,0,890,34,223,1.0,93.0
O60825,0,505,18,558,2.0,85.0
O60828,1,265,28,902,12.0,2450.0
O60829,1,102,18,1100,3.0,306.0
O60832,0,514,57,545,2.0,115.0
O60880,0,128,42,1102,1.0,26.0
O60885,0,1362,88,93,1.0,17.0
O60888,0,179,14,1037,2.0,26.0
O60927,0,126,25,1105,2.0,252.0
O60934,0,754,130,311,2.0,82.0
O75056,0,442,25,655,6.0,2046.0
O75112,0,727,11,334,2.0,254.0
O75151,0,1096,19,144,1.0,20.0
O75223,0,188,6,1027,2.0,25.0
O75324,0,88,4,1153,1.0,27.0
O75469,0,434,21,665,2.0,32.0
O75475,0,530,36,520,2.0,86.0
O75496,0,209,53,987,1.0,22.0
O75506,0,76,35,1158,3.0,44.0
O75533,0,1304,82,99,2.0,617.0
O75554,0,376,11,764,1.0,101.0
O75683,0,361,9,782,2.0,377.0
O75807,0,674,35,374,3.0,912.0
O75817,0,140,30,1085,1.0,28.0
O75928,0,621,115,421,1.0,14.0
O75936,0,387,11,746,1.0,11.0
O75962,0,3097,14,8,1.0,14.0
O75970,0,2070,417,28,1.0,13.0
O76070,0,127,5,1086,2.0,254.0
O76074,0,875,5,231,3.0,41.0
O94829,0,963,20,184,2.0,36.0
O94885,0,1247,21,113,1.0,169.0
O94907,0,266,49,901,1.0,11.0
O94925,0,669,16,378,4.0,218.0
O94986,0,1710,30,51,2.0,29.0
O95071,0,2799,72,13,1.0,10.0
O95147,0,198,3,1011,1.0,22.0
O95149,0,360,20,784,2.0,81.0
O95155,0,1302,11,100,3.0,53.0
O95197,0,1032,51,166,4.0,144.0
O95278,0,331,66,817,1.0,11.0
O95292,0,243,116,926,5.0,526.0
O95391,0,586,56,459,3.0,344.0
O95400,0,341,54,803,1.0,25.0
O95405,0,1425,30,81,1.0,58.0
O95429,0,457,107,630,1.0,20.0
O95433,0,338,27,809,2.0,70.0
O95470,0,568,46,481,2.0,63.0
O95630,0,424,88,684,2.0,41.0
O95644,0,943,31,194,6.0,1110.0
O95696,0,1058,27,152,1.0,18.0
O95714,0,4834,25,2,1.0,42.0
O95718,0,433,11,667,1.0,26.0
O95822,0,493,25,583,1.0,28.0
O95831,0,613,46,430,8.0,254.0
O95835,0,1130,71,134,2.0,221.0
O95843,0,209,2,988,2.0,46.0
O95997,1,202,11,1002,3.0,606.0
O96013,0,591,43,455,2.0,120.0
O96017,0,543,68,507,9.0,279.0
O96018,0,575,59,475,4.0,856.0
O96019,0,429,37,674,8.0,151.0
O96028,0,1365,18,91,2.0,486.0
P00439,0,452,3,638,1.0,20.0
P00441,1,154,157,928,4.0,52.0
P00488,0,732,31,331,2.0,74.0
P00492,0,218,50,970,4.0,67.0
P00519,1,1130,175,135,4.0,161.0
P00533,0,1210,728,110,8.0,3298.0
P00734,0,622,58,419,5.0,106.0
P00736,1,705,47,349,2.0,226.0
P00740,1,461,37,588,2.0,58.0
P00742,1,488,14,588,13.0,409.0
P00749,0,431,32,670,2.0,21.0
P01009,0,418,41,694,3.0,59.0
P01019,0,476,69,606,7.0,98.0
P01023,0,1474,85,74,2.0,57.0
P01034,0,146,37,1077,2.0,22.0
P01042,0,644,41,400,2.0,188.0
P01100,0,380,159,755,3.0,495.0
P01106,0,454,220,636,10.0,946.0
P01111,0,189,39,995,1.0,12.0
P01112,0,189,255,995,1.0,20.0
P01116,0,189,45,995,3.0,50.0
P01127,1,241,117,927,1.0,14.0
P01130,0,860,64,243,2.0,53.0
P01137,0,390,271,742,1.0,22.0
P01160,0,151,41,1071,4.0,272.0
P01215,0,116,20,1117,2.0,35.0
P01266,0,2768,8,14,10.0,200.0
P01730,1,458,60,629,2.0,62.0
P01732,0,235,17,942,2.0,110.0
P02489,0,173,155,1045,2.0,85.0
P02511,0,175,79,997,3.0,58.0
P02533,0,472,58,612,1.0,37.0
P02545,0,664,183,382,1.0,98.0
P02549,0,2419,19,22,1.0,20.0
P02647,1,267,118,900,4.0,343.0
P02649,0,317,253,830,10.0,273.0
P02655,0,101,31,1143,1.0,26.0
P02671,0,866,66,234,1.0,350.0
P02686,1,304,18,849,10.0,629.0
P02730,0,911,34,209,1.0,54.0
P02760,0,352,48,791,3.0,49.0
P02774,0,474,6,609,2.0,40.0
P02788,0,710,63,345,3.0,66.0
P02808,0,62,24,1164,1.0,43.0
P03372,1,595,222,450,5.0,420.0
P03956,0,469,11,614,2.0,24.0
P04004,1,478,71,603,3.0,225.0
P04035,0,888,15,224,1.0,28.0
P04049,0,648,250,299,2.0,37.0
P04083,1,346,79,799,4.0,176.0
P04150,0,777,88,293,4.0,954.0
P04156,1,253,68,914,1.0,102.0
P04183,0,234,14,944,3.0,69.0
P04198,0,464,30,621,1.0,33.0
P04234,0,171,9,1033,3.0,108.0
P04271,0,92,96,1144,2.0,23.0
P04275,0,2813,45,12,1.0,16.0
P04554,1,102,7,1140,1.0,57.0
P04626,0,1255,269,110,4.0,1072.0
P04637,1,393,856,408,16.0,929.0
P04792,0,205,271,997,1.0,28.0
P04818,0,313,20,838,4.0,86.0
P04908,0,130,31,1099,2.0,60.0
P05019,0,195,109,1019,1.0,21.0
P05067,1,770,964,297,4.0,135.0
P05106,0,788,140,281,2.0,74.0
P05107,1,769,96,281,1.0,35.0
P05114,0,100,3,1146,3.0,300.0
P05121,0,402,68,728,2.0,26.0
P05231,0,212,118,980,2.0,38.0
P05386,0,114,14,1120,1.0,52.0
P05387,0,115,8,1120,2.0,67.0
P05451,0,166,5,1043,3.0,36.0
P05452,0,202,15,1003,1.0,25.0
P05455,0,408,28,719,2.0,166.0
P05546,0,499,4,571,2.0,83.0
P05556,1,798,184,281,1.0,47.0
P06132,0,367,24,773,1.0,10.0
P06239,0,509,139,514,2.0,36.0
P06400,1,928,193,200,12.0,510.0
P06401,1,933,31,197,10.0,4161.0
P06454,1,111,18,1125,8.0,888.0
P06702,0,114,45,1121,1.0,28.0
P06730,0,217,151,972,3.0,89.0
P06734,0,321,20,826,3.0,54.0
P06748,0,294,162,866,3.0,207.0
P06756,0,1048,111,159,1.0,30.0
P06899,0,126,29,1106,1.0,38.0
P07196,0,543,134,206,2.0,48.0
P07197,0,916,17,206,3.0,381.0
P07199,0,599,9,443,1.0,17.0
P07237,0,508,101,554,3.0,52.0
P07305,0,194,27,1021,4.0,238.0
P07355,1,339,98,799,1.0,32.0
P07550,0,413,97,710,3.0,216.0
P07766,0,207,43,992,4.0,149.0
P07814,0,1512,48,64,5.0,64.0
P07902,0,379,17,758,3.0,49.0
P07948,0,512,131,514,1.0,62.0
P08047,0,785,107,290,9.0,1071.0
P08235,0,984,9,178,6.0,1820.0
P08240,0,638,5,406,3.0,202.0
P08253,0,660,34,387,1.0,11.0
P08263,1,222,19,962,1.0,15.0
P08294,0,240,19,928,2.0,53.0
P08476,0,426,49,679,1.0,28.0
P08514,0,1039,26,162,2.0,63.0
P08572,1,1712,17,10,2.0,27.0
P08581,0,1390,99,86,1.0,20.0
P08621,0,437,54,662,5.0,651.0
P08631,0,526,110,514,1.0,78.0
P08670,0,466,188,206,3.0,138.0
P09012,0,282,94,879,3.0,128.0
P09038,0,288,96,872,1.0,18.0
P09132,0,144,14,1080,1.0,144.0
P09237,1,267,10,387,4.0,53.0
P09327,0,827,51,261,1.0,254.0
P09429,0,215,124,976,2.0,76.0
P09651,1,372,73,770,3.0,42.0
P09693,0,182,23,1033,3.0,111.0
P09919,0,207,8,993,1.0,10.0
P0CF51,1,173,1,1046,1.0,11.0
P0DJI8,0,122,10,1111,1.0,12.0
P0DMM9,0,295,28,864,2.0,60.0
P0DMV9,0,641,96,392,1.0,78.0
P0DN86,0,165,5,1055,3.0,101.0
P0DP23,0,149,75,1048,1.0,10.0
P10071,0,1580,74,60,1.0,131.0
P10163,0,310,0,843,2.0,588.0
P10275,1,920,196,203,14.0,5289.0
P10415,0,239,190,933,1.0,23.0
P10451,0,314,34,835,3.0,910.0
P10619,0,480,11,599,1.0,40.0
P10636,0,758,209,306,8.0,3439.0
P10721,0,976,100,180,1.0,22.0
P10912,0,638,62,407,4.0,722.0
P10997,1,89,33,1152,4.0,104.0
P11021,0,654,158,392,2.0,45.0
P11166,0,492,84,584,2.0,74.0
P11171,0,864,30,237,2.0,130.0
P11233,0,206,53,995,2.0,27.0
P11274,0,1271,49,106,2.0,31.0
P11309,0,313,56,839,1.0,18.0
P11387,0,765,60,300,6.0,602.0
P11473,0,427,83,665,1.0,51.0
P11686,0,197,48,1014,2.0,63.0
P11912,0,226,171,958,1.0,61.0
P11926,0,461,14,625,3.0,98.0
P11940,1,636,135,409,3.0,42.0
P12081,0,509,7,553,2.0,64.0
P12272,0,177,15,1039,2.0,91.0
P12931,0,536,282,514,1.0,84.0
P12956,0,609,127,432,1.0,77.0
P13010,0,732,114,332,1.0,20.0
P13051,0,313,39,840,1.0,92.0
P13569,0,1480,439,72,3.0,433.0
P13647,0,590,39,458,5.0,588.0
P13674,0,534,7,516,2.0,20.0
P13693,0,172,31,1047,3.0,84.0
P13797,0,630,2,413,1.0,20.0
P13861,0,404,57,723,1.0,47.0
P14061,0,328,13,818,2.0,86.0
P14598,1,390,63,743,4.0,115.0
P14635,0,433,68,668,2.0,156.0
P14653,0,301,8,855,1.0,20.0
P14678,0,240,151,929,5.0,408.0
P14859,0,743,46,318,3.0,425.0
P14867,0,456,23,607,1.0,60.0
P14868,0,501,16,567,4.0,64.0
P14921,0,441,62,656,1.0,43.0
P15056,0,766,182,299,8.0,110.0
P15309,1,386,32,748,1.0,39.0
P15311,0,586,141,460,5.0,756.0
P15374,0,230,21,949,1.0,20.0
P15382,0,129,57,1101,3.0,65.0
P15391,0,556,21,495,1.0,15.0
P15498,0,845,26,253,2.0,32.0
P15516,1,51,36,1167,4.0,112.0
P15848,0,533,6,517,1.0,17.0
P15927,0,270,96,893,2.0,138.0
P15941,0,1255,123,111,1.0,15.0
P16035,0,220,15,965,1.0,12.0
P16050,0,662,30,386,1.0,141.0
P16070,0,742,49,319,2.0,100.0
P16220,1,327,63,819,1.0,60.0
P16278,0,677,25,370,2.0,44.0
P16333,0,377,206,762,1.0,50.0
P16442,0,354,10,789,1.0,16.0
P16471,0,622,14,420,4.0,1250.0
P16860,0,134,28,1095,3.0,231.0
P17096,1,107,56,1131,2.0,214.0
P17181,0,557,33,492,2.0,117.0
P17405,0,631,74,411,2.0,55.0
P17480,0,764,34,302,1.0,14.0
P17677,0,238,9,935,4.0,952.0
P17706,0,415,44,704,2.0,170.0
P17931,0,250,88,918,3.0,308.0
P17947,0,270,57,894,4.0,277.0
P18065,0,325,10,823,1.0,14.0
P18075,0,431,55,671,1.0,35.0
P18206,1,1134,67,131,1.0,33.0
P18507,0,475,27,607,2.0,147.0
P18564,0,788,13,281,1.0,297.0
P18615,0,380,36,756,1.0,225.0
P18827,0,310,14,844,6.0,1392.0
P18848,0,351,182,793,1.0,275.0
P19429,0,210,47,985,4.0,115.0
P19525,0,551,96,498,6.0,170.0
P19634,1,815,65,274,6.0,546.0
P19793,0,462,143,623,4.0,291.0
P19827,0,911,10,210,2.0,30.0
P19957,0,117,3,1116,1.0,38.0
P20020,0,1220,40,118,1.0,196.0
P20061,0,433,5,669,2.0,36.0
P20340,0,208,60,990,1.0,32.0
P20591,0,662,37,341,2.0,51.0
P20592,0,715,11,341,2.0,115.0
P20807,0,821,53,270,3.0,156.0
P20810,0,708,12,347,4.0,564.0
P20823,0,631,42,412,1.0,20.0
P20849,0,921,13,202,1.0,18.0
P20963,0,164,49,1057,2.0,232.0
P21246,0,168,29,1053,4.0,81.0
P21333,0,2647,169,16,1.0,36.0
P21397,0,527,13,525,3.0,95.0
P21579,0,422,29,686,2.0,124.0
P21580,1,790,89,284,4.0,52.0
P21583,0,273,8,890,2.0,27.0
P21675,0,1893,85,39,2.0,95.0
P21815,0,317,8,831,2.0,377.0
P22033,0,750,36,313,2.0,39.0
P22059,1,807,39,207,1.0,34.0
P22234,0,425,42,682,2.0,33.0
P22531,0,72,8,1160,2.0,44.0
P22626,0,353,81,770,1.0,152.0
P23025,0,273,55,891,3.0,125.0
P23280,0,308,9,847,1.0,11.0
P23443,0,525,64,526,8.0,393.0
P23588,0,611,7,431,3.0,815.0
P23677,0,461,8,626,2.0,20.0
P23771,0,443,92,653,2.0,22.0
P24071,0,287,15,873,1.0,13.0
P24385,0,295,115,865,2.0,64.0
P24522,0,165,40,1056,4.0,60.0
P24588,0,427,41,676,2.0,256.0
P24864,0,410,45,715,1.0,14.0
P24928,0,1970,119,32,1.0,198.0
P25024,1,350,33,795,3.0,82.0
P25054,1,2843,191,11,7.0,2207.0
P25490,0,414,119,707,5.0,1475.0
P25963,0,317,154,832,2.0,108.0
P26196,0,483,185,594,1.0,13.0
P26368,0,475,146,608,1.0,28.0
P26447,0,101,50,1144,1.0,11.0
P26599,0,557,37,493,3.0,83.0
P27361,0,379,83,273,1.0,23.0
P27469,0,103,6,1136,3.0,309.0
P27635,0,214,26,977,1.0,29.0
P27694,0,616,81,427,2.0,136.0
P27695,0,318,86,828,4.0,129.0
P27708,0,2225,20,27,1.0,25.0
P27797,0,417,144,698,7.0,1702.0
P27986,0,724,266,336,2.0,28.0
P28300,0,417,24,699,2.0,294.0
P28324,0,431,9,672,1.0,43.0
P28325,0,142,7,1077,2.0,21.0
P28360,0,303,17,851,1.0,172.0
P28472,0,473,36,610,1.0,102.0
P28482,0,360,138,273,2.0,30.0
P28698,0,734,10,330,1.0,13.0
P28749,0,1068,29,149,1.0,76.0
P28827,0,1452,34,77,1.0,154.0
P29083,1,439,22,660,1.0,16.0
P29274,0,412,35,711,6.0,720.0
P29317,0,976,71,181,1.0,17.0
P29353,0,583,105,464,3.0,75.0
P29372,1,298,9,861,2.0,22.0
P29375,0,1690,13,53,2.0,354.0
P29536,0,600,3,442,1.0,15.0
P29590,0,882,189,228,1.0,11.0
P30038,0,563,6,487,2.0,38.0
P30260,0,824,63,264,4.0,662.0
P30273,0,86,13,1154,1.0,21.0
P30281,0,292,87,865,2.0,60.0
P30291,0,646,19,398,1.0,20.0
P30307,1,473,30,611,1.0,18.0
P30518,0,371,19,771,3.0,87.0
P30519,0,316,63,833,2.0,45.0
P30531,0,599,9,444,2.0,68.0
P30542,0,326,11,711,1.0,26.0
P30566,0,484,10,592,2.0,22.0
P30793,0,250,58,919,2.0,58.0
P31153,1,395,47,736,2.0,24.0
P31321,0,381,85,754,2.0,36.0
P31327,1,1500,24,27,2.0,76.0
P31431,0,198,43,1012,7.0,838.0
P31749,0,480,320,598,1.0,31.0
P31751,0,481,48,598,6.0,140.0
P32004,0,1257,22,109,4.0,456.0
P33316,0,252,18,916,1.0,23.0
P33763,0,92,12,1144,1.0,15.0
P33897,0,745,63,316,4.0,172.0
P34741,0,201,50,1004,6.0,756.0
P35052,0,558,9,491,1.0,12.0
P35219,0,290,22,868,1.0,22.0
P35222,1,781,512,292,4.0,348.0
P35236,1,360,14,785,1.0,16.0
P35269,0,517,38,544,1.0,38.0
P35475,0,653,5,393,1.0,11.0
P35520,0,551,75,499,1.0,40.0
P35568,0,1242,63,114,1.0,43.0
P35611,0,737,28,325,3.0,924.0
P35612,0,726,20,325,3.0,954.0
P35637,1,526,96,454,4.0,822.0
P35638,0,169,183,1052,4.0,624.0
P35680,0,557,41,494,1.0,43.0
P35790,0,457,27,631,7.0,137.0
P35813,0,382,36,753,1.0,14.0
P35869,0,848,66,250,3.0,507.0
P35916,0,1363,47,92,3.0,37.0
P36578,0,427,41,677,4.0,132.0
P36776,0,959,35,187,2.0,172.0
P36871,0,562,12,488,1.0,12.0
P36888,0,993,14,177,2.0,32.0
P36894,1,532,53,518,1.0,17.0
P36952,0,375,3,765,1.0,12.0
P36955,0,418,19,695,1.0,15.0
P37173,1,567,166,483,4.0,43.0
P37231,1,505,144,560,16.0,804.0
P37268,0,417,20,700,1.0,13.0
P37837,0,337,11,810,1.0,10.0
P37840,1,140,334,1086,12.0,1355.0
P38398,0,1863,210,42,3.0,4650.0
P38919,0,411,122,713,4.0,82.0
P38936,1,164,246,1058,6.0,756.0
P39748,0,380,41,757,3.0,71.0
P39905,0,211,32,982,1.0,40.0
P40205,0,109,10,1130,2.0,218.0
P40259,0,229,12,952,1.0,49.0
P40337,0,213,193,978,7.0,1019.0
P40692,0,756,172,307,2.0,31.0
P40763,0,770,250,298,2.0,47.0
P40818,0,1118,49,139,2.0,39.0
P40855,0,299,160,857,4.0,529.0
P40939,0,763,29,303,1.0,11.0
P41208,0,172,56,1048,1.0,22.0
P41214,0,584,6,462,2.0,102.0
P41227,0,235,110,943,1.0,75.0
P41236,1,205,22,998,2.0,312.0
P41567,0,113,19,1123,1.0,28.0
P41743,0,596,89,449,2.0,35.0
P42166,0,694,7,356,1.0,60.0
P42224,1,750,162,249,2.0,41.0
P42226,1,847,28,252,3.0,53.0
P42345,0,2549,304,18,5.0,233.0
P42568,1,568,48,482,3.0,237.0
P42574,0,277,103,852,4.0,53.0
P42658,0,865,8,236,2.0,26.0
P42768,1,502,72,565,2.0,136.0
P42858,0,3142,1104,7,38.0,2190.0
P42898,0,656,21,389,1.0,11.0
P43026,0,501,27,568,1.0,15.0
P43034,0,410,43,716,1.0,10.0
P43250,0,576,32,472,3.0,71.0
P43351,0,418,32,696,1.0,23.0
P43403,0,619,48,424,2.0,62.0
P43629,0,444,11,650,1.0,84.0
P45379,0,298,52,862,3.0,103.0
P45973,0,191,154,1025,3.0,80.0
P45985,1,399,13,691,1.0,86.0
P46108,0,304,155,850,3.0,101.0
P46379,1,1132,220,133,2.0,711.0
P46527,1,198,158,1013,13.0,1209.0
P46531,0,2555,98,17,1.0,131.0
P46937,0,504,251,562,2.0,193.0
P47710,0,185,3,1028,1.0,185.0
P47813,0,144,16,1081,3.0,78.0
P47895,0,512,12,549,2.0,45.0
P47897,0,775,100,294,1.0,34.0
P47992,0,114,32,1122,4.0,101.0
P48443,0,463,46,623,5.0,630.0
P48539,0,62,10,1165,2.0,124.0
P48740,0,699,118,351,1.0,17.0
P48788,0,182,19,985,2.0,171.0
P49005,0,469,32,615,2.0,33.0
P49023,0,591,71,456,3.0,60.0
P49189,0,494,29,581,1.0,24.0
P49257,1,510,29,551,1.0,10.0
P49327,0,2511,35,20,3.0,51.0
P49354,0,379,43,759,2.0,66.0
P49366,0,369,46,772,3.0,56.0
P49419,0,539,49,512,2.0,35.0
P49427,0,236,22,938,2.0,69.0
P49736,1,904,86,214,4.0,230.0
P49748,0,655,16,390,1.0,33.0
P49753,0,483,9,595,2.0,22.0
P49757,0,651,23,395,1.0,11.0
P49758,0,472,9,576,1.0,18.0
P49765,1,207,27,994,2.0,69.0
P49768,0,467,168,617,2.0,194.0
P49789,0,147,32,1074,1.0,21.0
P49790,0,1475,38,73,2.0,679.0
P49802,0,495,16,576,4.0,112.0
P49815,0,1807,80,47,6.0,526.0
P49841,1,420,253,688,3.0,85.0
P49848,0,677,44,371,2.0,457.0
P49902,1,561,60,489,5.0,182.0
P49913,1,170,61,1050,1.0,37.0
P49915,0,693,6,358,1.0,10.0
P49918,0,316,15,834,6.0,1161.0
P50148,0,359,48,786,1.0,216.0
P50402,0,254,150,913,2.0,246.0
P50440,0,423,26,685,1.0,26.0
P50542,1,639,129,403,8.0,1971.0
P50553,0,236,31,939,1.0,236.0
P50579,0,478,11,604,2.0,123.0
P50616,0,345,43,801,4.0,590.0
P50750,1,372,163,70,4.0,82.0
P51397,0,102,3,1141,1.0,102.0
P51449,0,518,16,542,2.0,59.0
P51513,0,507,6,556,1.0,19.0
P51587,0,3418,126,6,1.0,237.0
P51608,1,486,77,590,8.0,532.0
P51617,0,712,68,343,2.0,31.0
P51671,0,97,26,1149,1.0,31.0
P51787,0,676,111,372,1.0,11.0
P51788,1,898,15,218,7.0,381.0
P51825,0,1210,10,122,1.0,23.0
P51946,0,323,72,824,4.0,92.0
P51965,0,193,30,1023,3.0,120.0
P52179,0,1685,14,54,2.0,192.0
P52272,1,730,37,333,1.0,30.0
P52298,0,156,66,1067,3.0,73.0
P52306,0,607,49,434,1.0,18.0
P52564,0,334,24,691,1.0,43.0
P52597,0,415,80,705,2.0,21.0
P52630,1,851,56,249,2.0,53.0
P52732,0,1056,17,153,7.0,112.0
P52799,0,333,55,814,4.0,103.0
P52848,0,882,9,229,2.0,35.0
P52926,0,109,75,1131,3.0,327.0
P52945,0,283,7,878,1.0,80.0
P52948,0,1817,57,46,5.0,1292.0
P53350,1,603,201,439,2.0,30.0
P53355,1,1430,53,80,2.0,50.0
P53420,0,1690,8,10,1.0,16.0
P53778,0,367,41,622,1.0,14.0
P53779,0,464,11,622,1.0,26.0
P53816,0,162,21,1062,1.0,18.0
P53999,0,127,24,1103,1.0,60.0
P54132,0,1417,119,83,5.0,74.0
P54252,0,361,148,783,7.0,989.0
P54274,0,439,219,661,2.0,43.0
P54368,0,228,6,953,2.0,40.0
P54577,0,528,34,523,1.0,22.0
P54578,0,494,23,582,1.0,11.0
P54687,0,386,8,749,1.0,21.0
P54725,0,363,96,778,3.0,147.0
P55011,0,1212,35,121,4.0,870.0
P55036,1,377,107,763,3.0,157.0
P55042,0,308,2,848,2.0,22.0
P55072,0,806,323,278,5.0,96.0
P55145,0,182,15,1034,1.0,21.0
P55197,1,1068,20,150,2.0,33.0
P55210,0,303,75,852,3.0,43.0
P55211,0,416,75,702,1.0,46.0
P55263,0,362,15,780,1.0,15.0
P55265,0,1226,52,117,1.0,95.0
P55285,0,790,2,285,1.0,16.0
P55735,0,322,59,825,2.0,26.0
P55789,0,205,17,999,1.0,13.0
P55957,1,195,64,1020,4.0,109.0
P56211,1,112,18,1124,8.0,525.0
P56524,0,1084,179,147,2.0,56.0
P56696,0,695,5,355,1.0,44.0
P56962,1,302,60,853,5.0,315.0
P58004,0,480,75,600,7.0,199.0
P58753,1,221,59,964,2.0,42.0
P60006,0,121,8,1112,1.0,65.0
P60484,0,403,180,727,4.0,270.0
P60604,0,165,22,938,1.0,15.0
P60709,0,375,164,766,1.0,46.0
P60880,1,206,37,996,2.0,118.0
P60896,0,70,31,1161,2.0,62.0
P61073,0,352,69,792,6.0,140.0
P61244,0,160,113,1063,4.0,161.0
P61328,0,243,25,924,1.0,34.0
P61587,0,244,10,925,1.0,19.0
P61925,0,76,15,1159,2.0,53.0
P61956,0,95,45,1145,1.0,14.0
P62318,0,126,88,1107,1.0,45.0
P62328,1,44,35,596,4.0,160.0
P62330,1,175,76,1042,3.0,69.0
P62495,0,437,40,663,5.0,106.0
P62805,0,103,153,1137,1.0,25.0
P62826,0,216,251,974,3.0,63.0
P62877,1,108,249,1133,2.0,46.0
P63000,0,192,226,925,3.0,39.0
P63027,1,116,60,1118,1.0,28.0
P63098,0,170,39,1051,2.0,26.0
P63104,0,245,567,923,1.0,12.0
P63165,0,101,196,1145,3.0,53.0
P63241,0,154,47,1068,1.0,14.0
P68363,0,451,19,641,1.0,32.0
P68431,0,136,109,1089,1.0,38.0
P78330,0,225,13,959,2.0,24.0
P78352,0,724,450,337,1.0,71.0
P78356,0,416,29,703,3.0,90.0
P78362,0,688,183,363,8.0,1444.0
P78504,0,1218,49,119,4.0,500.0
P78560,0,199,31,1007,1.0,42.0
P78563,1,741,55,320,3.0,49.0
P80192,0,1104,12,140,2.0,24.0
P80303,1,420,7,689,1.0,231.0
P80723,0,227,18,957,4.0,581.0
P81274,0,684,52,367,2.0,214.0
P81605,1,110,36,1127,3.0,84.0
P83110,0,453,27,601,1.0,11.0
P83731,0,157,21,1066,2.0,68.0
P83916,0,185,60,1025,5.0,125.0
P84022,0,425,278,618,2.0,22.0
P84243,0,136,49,1089,1.0,38.0
P98066,0,277,30,885,1.0,28.0
P98170,0,497,183,574,2.0,26.0
P98177,0,505,36,561,3.0,44.0
Q00169,0,270,28,895,4.0,194.0
Q00266,0,395,15,736,1.0,13.0
Q00534,0,326,114,821,6.0,71.0
Q00653,0,900,41,217,1.0,24.0
Q00987,0,491,319,585,5.0,395.0
Q01081,1,240,68,930,1.0,115.0
Q01094,1,437,104,664,1.0,102.0
Q01101,1,510,27,552,1.0,20.0
Q01105,0,290,55,869,1.0,21.0
Q01433,0,825,14,263,3.0,93.0
Q01484,0,3957,55,4,6.0,139.0
Q01831,1,940,52,196,5.0,521.0
Q01968,0,901,71,216,1.0,33.0
Q01970,0,1234,24,115,2.0,455.0
Q02078,0,507,47,557,1.0,12.0
Q02297,0,640,77,401,5.0,252.0
Q02363,0,134,51,1096,1.0,23.0
Q02388,0,2944,9,10,2.0,78.0
Q02413,0,1049,34,158,3.0,828.0
Q02548,1,391,41,643,3.0,65.0
Q03164,0,3969,91,3,1.0,21.0
Q03518,0,748,72,315,1.0,112.0
Q03519,0,686,48,364,1.0,129.0
Q03692,0,680,18,10,1.0,28.0
Q04206,0,551,362,500,2.0,248.0
Q04637,1,1599,97,57,8.0,1474.0
Q04656,0,1500,37,67,1.0,52.0
Q05193,0,864,53,238,4.0,60.0
Q05397,0,1052,131,155,1.0,19.0
Q06141,0,175,12,1043,3.0,31.0
Q06609,0,339,202,806,3.0,65.0
Q06710,0,450,48,643,3.0,63.0
Q06787,1,632,174,410,4.0,590.0
Q07108,0,199,23,1008,1.0,21.0
Q07157,0,1748,440,48,4.0,1045.0
Q07666,0,443,92,654,5.0,263.0
Q07812,1,192,201,1024,1.0,35.0
Q07817,0,233,199,933,4.0,215.0
Q07820,0,350,87,796,3.0,31.0
Q07866,0,573,18,477,1.0,24.0
Q07889,0,1333,71,97,4.0,683.0
Q07912,0,1038,51,163,1.0,42.0
Q07955,1,248,65,921,3.0,87.0
Q08050,0,763,51,304,5.0,327.0
Q08188,0,693,18,359,2.0,20.0
Q08209,1,521,111,535,6.0,350.0
Q09161,0,790,94,286,3.0,51.0
Q09428,0,1581,9,59,1.0,56.0
Q09472,1,2414,297,21,5.0,2085.0
Q0JRZ9,0,810,11,275,1.0,16.0
Q10567,0,949,28,192,1.0,13.0
Q10589,0,180,42,1036,1.0,11.0
Q12778,0,655,72,391,2.0,42.0
Q12834,0,499,78,572,2.0,107.0
Q12888,0,1972,147,31,5.0,1701.0
Q12905,0,390,30,744,1.0,29.0
Q12962,0,218,45,971,4.0,150.0
Q12972,0,351,27,794,2.0,96.0
Q12983,0,194,131,1022,1.0,13.0
Q13029,0,1718,11,50,4.0,408.0
Q13042,0,620,24,423,6.0,365.0
Q13043,0,487,138,586,2.0,152.0
Q13137,0,446,223,648,3.0,79.0
Q13148,1,414,268,708,4.0,601.0
Q13153,0,545,170,505,5.0,319.0
Q13162,0,271,21,892,1.0,75.0
Q13164,0,816,37,273,1.0,46.0
Q13177,1,524,89,505,5.0,261.0
Q13188,0,491,131,586,1.0,114.0
Q13224,0,1484,67,71,4.0,75.0
Q13316,0,513,2,547,8.0,1988.0
Q13351,1,362,36,781,4.0,184.0
Q13363,0,440,141,658,1.0,22.0
Q13415,0,861,27,242,2.0,31.0
Q13426,0,336,133,812,3.0,332.0
Q13451,0,457,64,632,1.0,12.0
Q13464,0,1354,64,94,1.0,19.0
Q13469,0,925,33,194,1.0,164.0
Q13480,0,694,75,357,4.0,824.0
Q13485,0,552,273,497,,
Q13501,0,440,279,659,2.0,92.0
Q13526,0,163,258,1060,1.0,12.0
Q13541,1,118,62,1114,5.0,471.0
Q13542,1,120,17,1114,2.0,165.0
Q13546,1,671,157,376,4.0,350.0
Q13547,0,482,352,596,1.0,106.0
Q13563,0,968,156,183,2.0,28.0
Q13568,0,498,41,573,1.0,10.0
Q13569,1,410,49,717,3.0,182.0
Q13573,1,536,200,515,4.0,284.0
Q13586,0,685,103,365,1.0,10.0
Q13613,0,665,28,380,1.0,94.0
Q13617,0,745,68,317,4.0,62.0
Q13625,0,1128,95,137,5.0,1538.0
Q13627,0,763,86,305,2.0,20.0
Q13635,0,1447,62,78,5.0,598.0
Q13698,0,1873,24,41,3.0,368.0
Q13740,0,583,26,465,1.0,338.0
Q13838,0,428,58,675,2.0,22.0
Q14011,0,172,34,1049,1.0,83.0
Q14019,0,142,12,1083,1.0,11.0
Q14061,1,63,14,1163,9.0,409.0
Q14118,0,895,52,221,3.0,45.0
Q14181,0,598,21,446,1.0,156.0
Q14191,0,1432,122,79,1.0,29.0
Q14194,0,572,25,478,2.0,90.0
Q14258,0,630,48,414,1.0,73.0
Q14318,0,412,75,712,4.0,105.0
Q14444,0,709,44,346,1.0,103.0
Q14449,1,540,11,510,1.0,75.0
Q14457,1,450,228,644,15.0,1255.0
Q14493,0,270,20,896,1.0,25.0
Q14565,0,340,40,806,3.0,120.0
Q14653,0,427,116,678,1.0,16.0
Q14691,0,196,11,1017,1.0,51.0
Q14722,0,419,16,692,1.0,62.0
Q14766,0,1721,35,49,3.0,71.0
Q14849,0,445,35,649,1.0,15.0
Q14978,0,699,19,352,5.0,3495.0
Q14995,0,579,30,469,2.0,20.0
Q15004,0,111,27,1126,4.0,444.0
Q15013,0,274,36,887,2.0,40.0
Q15022,1,739,52,323,11.0,452.0
Q15046,1,597,74,447,1.0,70.0
Q15059,0,726,18,93,2.0,210.0
Q15109,0,404,76,724,2.0,82.0
Q15113,0,449,19,645,5.0,67.0
Q15185,0,160,46,1064,1.0,38.0
Q15233,0,471,60,613,2.0,25.0
Q15276,0,862,60,240,1.0,20.0
Q15326,0,602,23,440,1.0,24.0
Q15382,1,184,54,1029,1.0,11.0
Q15418,0,735,101,329,5.0,185.0
Q15517,0,529,11,521,1.0,112.0
Q15542,0,800,29,280,2.0,49.0
Q15582,0,683,26,368,3.0,87.0
Q15583,0,401,30,729,3.0,124.0
Q15596,0,1464,29,76,1.0,206.0
Q15631,0,228,22,954,1.0,11.0
Q15637,0,639,65,404,2.0,52.0
Q15642,0,601,38,441,1.0,15.0
Q15691,0,268,147,898,2.0,30.0
Q15717,0,326,54,822,1.0,19.0
Q15726,0,138,9,1088,5.0,595.0
Q15796,1,467,158,618,5.0,83.0
Q15797,0,465,89,618,1.0,51.0
Q15843,1,81,51,1156,1.0,13.0
Q15858,0,1988,20,29,4.0,844.0
Q15910,1,746,117,312,8.0,291.0
Q16143,0,134,12,1086,1.0,134.0
Q16186,0,407,44,721,4.0,197.0
Q16222,0,522,9,531,2.0,32.0
Q16236,0,605,138,438,4.0,2420.0
Q16543,0,378,303,761,3.0,75.0
Q16576,0,425,50,683,2.0,38.0
Q16595,0,210,60,986,2.0,26.0
Q16611,1,211,106,983,1.0,35.0
Q16620,0,822,17,268,1.0,42.0
Q16625,0,522,43,532,1.0,33.0
Q16629,0,238,32,936,3.0,90.0
Q16630,0,551,83,501,4.0,190.0
Q16647,0,500,25,570,1.0,12.0
Q16665,1,826,239,262,9.0,1531.0
Q16667,0,212,19,981,2.0,34.0
Q16740,0,277,39,886,2.0,44.0
Q16790,0,459,15,628,6.0,594.0
Q16821,0,1122,0,138,2.0,77.0
Q16831,0,310,5,845,1.0,15.0
Q17RS7,0,908,18,212,1.0,65.0
Q29983,0,383,31,752,2.0,20.0
Q2KHT3,0,1053,8,154,2.0,322.0
Q2M1P5,0,1343,12,95,4.0,270.0
Q2MKA7,1,263,23,904,1.0,16.0
Q2TAZ0,0,1938,23,34,20.0,1091.0
Q3MIT2,0,529,28,522,2.0,62.0
Q3SYG4,0,887,50,225,4.0,162.0
Q49AN0,1,593,55,452,3.0,312.0
Q4LE39,0,1312,16,98,1.0,42.0
Q53FT3,0,197,11,1015,1.0,19.0
Q53GG5,1,364,6,777,3.0,501.0
Q53TN4,0,286,37,876,1.0,56.0
Q58F21,0,947,4,193,3.0,593.0
Q5D1E8,0,599,73,445,2.0,60.0
Q5FWF5,0,840,16,256,2.0,29.0
Q5HYA8,0,995,19,175,4.0,112.0
Q5JRX3,0,1037,18,164,1.0,14.0
Q5SQI0,0,421,12,687,2.0,52.0
Q5SWA1,0,713,20,342,3.0,1113.0
Q5T1C6,0,240,22,931,1.0,26.0
Q5T4W7,0,220,4,966,1.0,13.0
Q5T848,1,1215,11,120,10.0,426.0
Q5TDH0,0,399,18,732,2.0,39.0
Q5U651,0,963,11,185,4.0,58.0
Q5VZK9,0,1371,23,89,1.0,16.0
Q658P3,0,488,9,589,1.0,28.0
Q676U5,0,607,57,435,2.0,46.0
Q68D10,0,685,9,366,1.0,34.0
Q68DK7,0,614,14,429,1.0,11.0
Q68J44,0,220,24,967,2.0,44.0
Q6BDI9,0,236,13,940,2.0,28.0
Q6DD88,0,541,28,508,1.0,21.0
Q6FI81,0,312,30,841,1.0,94.0
Q6GQQ9,0,843,81,254,2.0,67.0
Q6NUK1,1,477,19,605,5.0,90.0
Q6P1M3,0,1020,9,170,2.0,92.0
Q6P1X5,0,1199,19,124,1.0,223.0
Q6P3W2,0,149,4,1073,2.0,26.0
Q6P4R8,0,1299,18,101,1.0,13.0
Q6P5W5,0,647,17,397,2.0,150.0
Q6PHW0,1,289,12,871,3.0,70.0
Q6PI48,0,645,36,399,1.0,15.0
Q6R327,0,1708,90,52,2.0,785.0
Q6V1X1,1,898,19,219,2.0,74.0
Q6VMQ6,0,1270,17,107,1.0,27.0
Q6ZMT4,0,941,12,195,1.0,31.0
Q6ZNA4,0,994,49,176,2.0,98.0
Q6ZT98,0,887,9,226,3.0,135.0
Q6ZVN8,0,426,30,680,1.0,16.0
Q71UI9,0,128,6,1099,1.0,10.0
Q76LA1,0,98,0,1147,1.0,67.0
Q7KZF4,0,910,31,211,1.0,10.0
Q7KZI7,1,788,70,287,2.0,29.0
Q7L2J0,1,689,31,362,3.0,80.0
Q7RTN6,0,431,36,673,3.0,127.0
Q7RTP6,0,2002,11,30,1.0,110.0
Q7Z3C6,0,839,89,257,4.0,392.0
Q86TV6,0,843,15,255,4.0,110.0
Q86UE8,0,772,36,296,1.0,200.0
Q86UX7,0,667,13,369,2.0,166.0
Q86VN1,0,386,30,750,1.0,21.0
Q86VY4,0,417,8,701,3.0,632.0
Q86WV6,0,379,211,760,3.0,110.0
Q86WX3,0,136,21,1090,2.0,272.0
Q86XI6,0,285,8,877,2.0,56.0
Q86Y38,0,959,16,188,1.0,20.0
Q86YV5,0,1406,8,84,5.0,70.0
Q8IU57,0,520,9,539,1.0,30.0
Q8IUQ4,0,282,145,880,1.0,35.0
Q8IV16,0,184,19,1030,4.0,136.0
Q8IVG9,0,24,60,159,2.0,48.0
Q8IVH4,0,418,22,697,2.0,28.0
Q8IVH8,0,894,15,222,1.0,66.0
Q8IW19,0,511,78,550,2.0,84.0
Q8IW75,0,414,4,709,1.0,11.0
Q8IWJ2,0,1684,24,55,1.0,23.0
Q8IY63,0,956,29,189,2.0,414.0
Q8IYB3,0,904,17,215,2.0,809.0
Q8IYB8,0,786,52,289,4.0,69.0
Q8IYT8,0,1036,6,165,1.0,10.0
Q8IYV9,0,350,9,797,2.0,26.0
Q8IYW5,0,571,71,479,1.0,18.0
Q8IZD2,0,1858,25,43,1.0,17.0
Q8N114,0,240,16,932,1.0,115.0
Q8N1G2,0,835,7,259,1.0,15.0
Q8N1Q8,0,247,6,922,1.0,10.0
Q8N300,0,66,26,1162,1.0,23.0
Q8N3I7,0,341,24,804,2.0,102.0
Q8N3V7,0,929,12,199,3.0,1067.0
Q8N465,0,521,11,536,1.0,51.0
Q8N488,1,228,92,955,3.0,491.0
Q8N4Q1,0,142,24,1084,1.0,36.0
Q8N5F7,0,415,25,706,5.0,1098.0
Q8N5H7,0,860,30,244,1.0,14.0
Q8N5K1,0,135,74,1091,1.0,16.0
Q8N5Y2,0,521,13,537,2.0,32.0
Q8N660,0,670,0,377,5.0,526.0
Q8N6T7,0,355,143,788,4.0,206.0
Q8N726,1,132,79,1097,3.0,222.0
Q8N807,0,584,1,463,2.0,96.0
Q8N884,0,522,156,533,1.0,17.0
Q8NBI3,1,349,3,798,1.0,221.0
Q8NBP7,1,692,67,361,1.0,30.0
Q8NBZ7,0,420,18,690,1.0,26.0
Q8NC51,0,408,28,720,2.0,241.0
Q8NE35,0,698,23,353,3.0,1278.0
Q8NEB9,0,887,86,227,7.0,182.0
Q8NER1,0,839,12,232,1.0,99.0
Q8NET8,0,790,31,232,1.0,118.0
Q8NFJ9,0,593,58,453,1.0,20.0
Q8NG31,1,2342,40,24,3.0,54.0
Q8NHZ8,0,85,19,1155,1.0,60.0
Q8NI22,1,146,20,1078,8.0,481.0
Q8TAP9,0,179,9,1038,2.0,155.0
Q8TDP1,0,164,6,1059,3.0,59.0
Q8TDX7,0,302,95,854,2.0,33.0
Q8TDY2,0,1594,56,58,1.0,10.0
Q8TEA8,1,209,2,989,1.0,58.0
Q8TEK3,0,1537,26,62,1.0,84.0
Q8TEP8,0,2537,22,19,2.0,31.0
Q8TEQ6,0,1508,56,65,1.0,116.0
Q8WUG5,0,649,3,396,2.0,210.0
Q8WUM0,0,1156,38,129,3.0,125.0
Q8WUN7,0,234,13,945,1.0,20.0
Q8WUP2,0,373,24,769,2.0,100.0
Q8WV28,0,456,28,634,2.0,376.0
Q8WVM7,0,1258,29,108,4.0,318.0
Q8WVQ1,0,401,19,730,1.0,14.0
Q8WXC6,0,57,19,1166,2.0,97.0
Q8WXE9,0,905,12,213,2.0,71.0
Q8WXS3,0,145,4,1079,1.0,180.0
Q8WYP5,0,2266,16,26,1.0,1249.0
Q8WZ42,0,34350,88,0,2.0,2178.0
Q92499,0,740,44,321,1.0,14.0
Q92540,0,1137,16,130,1.0,33.0
Q92558,0,559,30,490,5.0,365.0
Q92574,0,1164,72,126,1.0,15.0
Q92597,0,394,43,737,2.0,166.0
Q92608,0,1830,55,45,5.0,258.0
Q92731,0,530,44,450,2.0,206.0
Q92743,1,480,30,601,2.0,26.0
Q92783,0,540,31,511,1.0,31.0
Q92784,0,378,5,740,5.0,423.0
Q92785,0,391,27,740,1.0,15.0
Q92793,0,2442,168,21,6.0,2241.0
Q92800,0,747,37,312,5.0,346.0
Q92804,0,592,15,454,1.0,32.0
Q92837,0,279,18,883,2.0,254.0
Q92847,0,366,27,774,3.0,84.0
Q92854,0,862,30,241,1.0,29.0
Q92871,0,262,8,906,1.0,11.0
Q92886,0,237,31,937,2.0,122.0
Q92900,1,1129,123,136,2.0,22.0
Q92905,0,334,77,813,2.0,33.0
Q92913,0,245,11,924,3.0,93.0
Q92945,1,711,18,344,2.0,178.0
Q92973,0,898,18,220,1.0,53.0
Q93009,1,1102,158,141,5.0,64.0
Q969F2,0,451,30,642,2.0,434.0
Q969R2,0,916,7,207,1.0,184.0
Q969S2,0,332,12,815,1.0,74.0
Q96AC1,0,680,55,369,3.0,66.0
Q96AE4,0,644,21,344,1.0,31.0
Q96AY2,1,570,22,480,1.0,34.0
Q96B02,0,151,28,1072,1.0,10.0
Q96B97,1,665,93,381,1.0,101.0
Q96BT7,0,664,29,383,2.0,25.0
Q96C36,0,320,10,827,1.0,27.0
Q96C86,0,337,26,811,1.0,37.0
Q96CV9,0,577,259,470,1.0,27.0
Q96DE5,0,110,12,1128,1.0,51.0
Q96E09,1,287,25,874,3.0,207.0
Q96E14,0,147,11,1075,1.0,16.0
Q96EP1,0,664,17,384,1.0,27.0
Q96EQ8,0,232,32,948,1.0,32.0
Q96F81,0,1524,3,63,8.0,797.0
Q96F86,0,508,59,555,2.0,112.0
Q96FI4,0,390,6,745,2.0,156.0
Q96FQ6,0,103,13,1138,2.0,42.0
Q96G97,0,398,33,733,2.0,238.0
Q96GC6,0,653,7,394,3.0,391.0
Q96GD4,0,344,118,726,1.0,16.0
Q96GU1,0,130,2,1100,1.0,111.0
Q96GX5,0,879,12,230,1.0,25.0
Q96H20,0,258,84,910,1.0,25.0
Q96IZ0,0,340,20,807,3.0,55.0
Q96MS0,0,1386,3,87,1.0,14.0
Q96N21,0,525,143,527,1.0,18.0
Q96NI6,1,719,5,340,2.0,97.0
Q96NW4,0,1050,24,157,2.0,62.0
Q96PD5,0,576,8,473,1.0,45.0
Q96PM5,0,261,63,907,1.0,29.0
Q96PU5,0,975,75,182,1.0,81.0
Q96PU8,0,341,64,805,3.0,240.0
Q96PY5,0,1086,1,145,1.0,55.0
Q96Q11,0,434,35,666,2.0,63.0
Q96QZ7,0,1491,394,69,1.0,26.0
Q96RD7,0,426,33,681,2.0,81.0
Q96RF0,0,628,42,415,1.0,166.0
Q96RI1,0,486,57,591,1.0,16.0
Q96RJ3,0,184,0,1031,2.0,167.0
Q96RK4,0,519,86,541,2.0,123.0
Q96RS0,0,853,14,248,1.0,16.0
Q96ST2,0,819,14,272,2.0,394.0
Q96T21,0,854,10,246,2.0,679.0
Q96T58,0,3664,22,5,1.0,25.0
Q96T88,0,793,85,283,4.0,78.0
Q99075,0,208,21,991,1.0,34.0
Q99250,0,2005,12,29,7.0,890.0
Q99453,0,314,15,836,2.0,67.0
Q99523,0,831,73,260,1.0,12.0
Q99598,0,290,61,870,3.0,66.0
Q99623,0,299,70,858,1.0,20.0
Q99714,0,261,68,908,2.0,40.0
Q99801,0,234,52,946,1.0,113.0
Q99835,0,787,38,288,1.0,102.0
Q99958,0,501,28,569,1.0,11.0
Q99967,1,270,55,897,4.0,153.0
Q99986,0,396,57,734,3.0,65.0
Q9BPU6,0,564,28,478,1.0,72.0
Q9BPZ7,0,522,72,534,1.0,275.0
Q9BQ15,0,211,34,984,4.0,213.0
Q9BQ50,0,236,7,941,1.0,10.0
Q9BQB4,0,213,29,979,3.0,124.0
Q9BRG1,0,176,56,1040,1.0,13.0
Q9BRT9,0,223,28,961,1.0,20.0
Q9BRX5,0,216,23,975,1.0,23.0
Q9BRZ2,0,755,13,309,1.0,17.0
Q9BS26,0,406,17,722,2.0,65.0
Q9BSQ5,0,444,27,651,2.0,75.0
Q9BSY4,0,110,3,1129,1.0,16.0
Q9BTL3,1,118,61,1115,1.0,44.0
Q9BTT0,1,268,6,899,1.0,28.0
Q9BU02,0,230,3,950,1.0,16.0
Q9BUH6,0,204,26,1000,2.0,86.0
Q9BUL9,0,199,52,1009,2.0,63.0
Q9BUQ8,0,820,26,271,6.0,509.0
Q9BUR4,0,548,70,503,5.0,228.0
Q9BV68,0,311,38,842,1.0,26.0
Q9BVI0,0,1012,9,173,1.0,16.0
Q9BX66,0,1292,19,103,1.0,17.0
Q9BXJ9,0,866,40,235,4.0,181.0
Q9BXW4,0,147,74,1076,1.0,12.0
Q9BY41,0,377,23,596,1.0,12.0
Q9BYC5,0,575,7,476,2.0,107.0
Q9BYF1,0,805,261,279,1.0,37.0
Q9BYG3,1,293,14,867,1.0,44.0
Q9BYI3,0,521,14,538,1.0,105.0
Q9BZE9,0,553,26,496,1.0,56.0
Q9BZV1,0,441,55,657,3.0,420.0
Q9BZZ5,0,524,13,528,3.0,114.0
Q9C000,0,1473,76,75,1.0,20.0
Q9C0C7,0,1298,64,102,1.0,15.0
Q9GZN7,0,287,6,875,1.0,10.0
Q9GZU1,1,580,33,467,3.0,123.0
Q9GZZ9,1,404,66,725,1.0,80.0
Q9H078,0,707,21,348,1.0,20.0
Q9H0E2,1,274,107,888,4.0,159.0
Q9H0W8,0,520,54,540,4.0,518.0
Q9H1A4,0,1944,7,33,18.0,535.0
Q9H1D0,0,765,38,301,2.0,142.0
Q9H211,0,546,41,504,2.0,123.0
Q9H2Y7,0,1883,2,40,1.0,257.0
Q9H3L0,0,296,19,863,2.0,51.0
Q9H3M7,0,391,19,741,1.0,18.0
Q9H3P2,0,528,29,524,1.0,340.0
Q9H4H8,0,585,36,461,1.0,69.0
Q9H4L7,0,1026,28,169,2.0,93.0
Q9H5I1,0,410,31,718,1.0,14.0
Q9H6Z4,0,567,18,484,1.0,15.0
Q9H816,0,532,44,519,1.0,22.0
Q9H832,0,354,16,790,2.0,127.0
Q9H875,0,184,13,1032,2.0,92.0
Q9H8Y8,0,452,236,639,2.0,488.0
Q9H900,0,591,9,457,5.0,95.0
Q9H981,0,624,18,416,1.0,107.0
Q9H9E3,0,785,29,291,1.0,12.0
Q9H9Q4,0,299,48,859,1.0,71.0
Q9H9R9,0,158,0,1065,1.0,158.0
Q9HAN9,0,279,39,884,1.0,38.0
Q9HAU5,1,1272,50,105,10.0,445.0
Q9HAV4,0,1204,26,123,8.0,185.0
Q9HB71,1,228,34,956,1.0,33.0
Q9HBA0,0,871,34,232,2.0,281.0
Q9HC35,0,981,17,179,1.0,20.0
Q9HC77,0,1338,43,96,2.0,100.0
Q9HCB6,0,807,6,277,3.0,39.0
Q9HCJ0,1,1936,42,35,1.0,22.0
Q9HD26,0,462,104,624,2.0,55.0
Q9HD36,0,204,41,1001,1.0,15.0
Q9NP70,0,447,9,646,5.0,1141.0
Q9NP98,0,299,67,860,7.0,1162.0
Q9NPD8,0,197,27,1016,1.0,41.0
Q9NPF0,0,282,15,881,2.0,82.0
Q9NPI8,0,374,9,768,2.0,36.0
Q9NPJ4,0,139,18,1087,1.0,101.0
Q9NQA5,0,729,7,301,2.0,278.0
Q9NQB0,1,619,107,425,4.0,253.0
Q9NQC3,1,1192,76,125,36.0,6321.0
Q9NQC7,0,956,62,190,1.0,17.0
Q9NQI0,0,724,3,338,2.0,440.0
Q9NQS7,0,918,54,204,1.0,21.0
Q9NQX3,0,736,26,328,1.0,12.0
Q9NR00,0,106,16,1134,2.0,212.0
Q9NR28,0,239,62,934,4.0,51.0
Q9NR48,0,2969,5,9,2.0,42.0
Q9NR61,0,685,21,339,3.0,399.0
Q9NRA2,0,495,14,577,2.0,64.0
Q9NRI5,0,854,256,247,1.0,54.0
Q9NRJ3,0,127,31,1104,3.0,147.0
Q9NRN7,0,309,23,846,1.0,16.0
Q9NRR4,0,1374,44,88,5.0,284.0
Q9NRY2,0,104,24,1135,1.0,62.0
Q9NS23,1,344,62,802,2.0,62.0
Q9NT62,0,314,44,837,1.0,30.0
Q9NUM4,0,274,17,889,2.0,139.0
Q9NV23,0,265,2,903,3.0,60.0
Q9NVS9,0,261,14,909,1.0,48.0
Q9NW15,0,660,7,388,5.0,77.0
Q9NWW9,0,162,13,1062,1.0,12.0
Q9NX24,0,153,23,1069,1.0,22.0
Q9NX46,0,363,38,779,2.0,23.0
Q9NX55,0,121,22,1113,3.0,363.0
Q9NXG6,0,502,4,566,2.0,40.0
Q9NXV2,0,234,6,947,2.0,36.0
Q9NY12,0,217,19,973,2.0,120.0
Q9NYB9,0,513,298,548,1.0,358.0
Q9NYV4,0,1490,18,70,1.0,41.0
Q9NZ94,0,848,18,251,10.0,1180.0
Q9NZC2,1,230,86,951,2.0,62.0
Q9NZD4,0,102,11,1142,1.0,11.0
Q9NZI8,0,577,49,471,2.0,99.0
Q9P2K3,0,495,99,578,2.0,420.0
Q9UBB5,0,411,35,714,1.0,119.0
Q9UBB9,0,837,325,258,3.0,1050.0
Q9UBE0,0,346,32,800,8.0,182.0
Q9UBK2,1,798,42,282,5.0,1095.0
Q9UBK8,0,698,22,354,3.0,80.0
Q9UBP0,0,616,85,428,2.0,190.0
Q9UBR1,0,384,14,751,1.0,32.0
Q9UBT2,1,640,37,402,8.0,294.0
Q9UBT3,0,224,4,960,2.0,67.0
Q9UBU7,0,674,17,375,1.0,39.0
Q9UBU9,0,619,122,426,2.0,39.0
Q9UBV7,1,327,22,820,2.0,52.0
Q9UBW5,0,565,13,485,1.0,37.0
Q9UDY8,1,824,67,265,3.0,42.0
Q9UER7,0,740,193,322,6.0,679.0
Q9UGL1,0,1544,21,53,12.0,464.0
Q9UHB7,1,1163,26,128,4.0,913.0
Q9UHD9,0,624,270,417,1.0,127.0
Q9UHK0,0,495,40,579,1.0,10.0
Q9UIF9,0,1905,8,37,3.0,134.0
Q9UII6,0,198,16,967,1.0,24.0
Q9UIW2,0,1896,5,38,1.0,14.0
Q9UJX2,0,597,113,448,2.0,65.0
Q9UJX3,0,565,21,486,3.0,100.0
Q9UJX4,0,755,11,310,5.0,185.0
Q9UJX5,0,808,26,276,7.0,199.0
Q9UJX6,0,822,15,269,6.0,172.0
Q9UJY1,0,196,44,1018,2.0,115.0
Q9UJY5,0,639,63,405,3.0,75.0
Q9UK55,0,444,6,652,2.0,77.0
Q9UK59,0,544,7,506,1.0,151.0
Q9UKK9,0,219,27,968,1.0,13.0
Q9UKL0,0,485,37,578,2.0,352.0
Q9UKT4,0,447,45,647,7.0,547.0
Q9UKT5,0,387,46,747,1.0,30.0
Q9UKV8,0,859,195,245,6.0,118.0
Q9UKX7,0,468,38,616,1.0,62.0
Q9UKY0,0,176,5,1041,1.0,28.0
Q9UL18,0,857,78,245,3.0,51.0
Q9ULK4,0,1368,20,90,1.0,34.0
Q9UM07,0,663,36,385,5.0,65.0
Q9UM11,0,496,42,575,4.0,90.0
Q9UMD9,1,1497,17,68,1.0,454.0
Q9UMR2,1,479,15,602,1.0,37.0
Q9UMS4,0,504,77,563,1.0,26.0
Q9UMX1,0,484,100,593,1.0,82.0
Q9UMY1,0,257,6,911,1.0,94.0
Q9UMZ1,0,101,0,1125,6.0,606.0
Q9UN86,0,482,47,597,1.0,10.0
Q9UNA0,0,930,9,198,1.0,72.0
Q9UNL4,0,249,43,920,1.0,70.0
Q9UPP1,0,1060,46,151,1.0,13.0
Q9UPR3,0,1016,18,171,1.0,23.0
Q9UPY3,1,1922,109,36,2.0,38.0
Q9UQ13,0,582,34,466,2.0,170.0
Q9UQ35,0,2752,35,15,6.0,16344.0
Q9UQ80,0,394,19,738,1.0,32.0
Q9UQC2,0,676,48,373,1.0,21.0
Q9Y237,0,131,23,1098,2.0,94.0
Q9Y239,0,953,62,191,1.0,28.0
Q9Y258,0,94,29,1150,1.0,11.0
Q9Y261,0,457,25,633,1.0,19.0
Q9Y296,0,219,6,969,1.0,15.0
Q9Y2G2,0,537,67,513,1.0,162.0
Q9Y2M5,0,609,71,433,1.0,14.0
Q9Y2Z0,0,365,17,776,2.0,30.0
Q9Y3B4,0,125,30,1109,2.0,46.0
Q9Y3D6,0,152,70,1070,1.0,25.0
Q9Y3E7,0,222,82,963,1.0,16.0
Q9Y3M2,0,126,46,1108,7.0,330.0
Q9Y4B6,0,1507,36,66,1.0,14.0
Q9Y4D1,0,1078,23,148,1.0,29.0
Q9Y4F1,0,1045,1,161,1.0,48.0
Q9Y4K0,0,774,37,295,1.0,12.0
Q9Y4P1,0,393,59,739,4.0,99.0
Q9Y4U1,0,282,30,882,1.0,52.0
Q9Y572,1,518,53,543,8.0,583.0
Q9Y5B0,1,961,20,186,4.0,179.0
Q9Y5C1,0,460,27,627,1.0,10.0
Q9Y5P4,0,624,61,418,4.0,151.0
Q9Y5S1,0,764,5,232,1.0,72.0
Q9Y5S9,0,174,80,1044,1.0,14.0
Q9Y613,1,1164,17,127,2.0,122.0
Q9Y653,0,693,46,360,2.0,41.0
Q9Y696,0,253,28,915,1.0,14.0
Q9Y6C2,0,1016,72,172,2.0,38.0
Q9Y6D6,0,1849,43,44,2.0,27.0
Q9Y6G9,0,523,29,529,2.0,272.0
Q9Y6H6,0,103,16,1139,2.0,36.0
Q9Y6I3,1,576,14,474,1.0,18.0
Q9Y6K1,1,912,48,208,2.0,35.0
Q9Y6K9,0,419,225,693,3.0,107.0
Q9Y6Q9,1,1424,52,82,2.0,99.0
Q9Y6X9,0,1032,29,167,1.0,53.0
S6B291,0,466,0,619,1.0,226.0
